circlename,regionname,divisionname,officename,pincode,officetype,delivery,district,statename,latitude,longitude,_resource_id,_source_resource_id
Telangana Circle,Hyderabad Region,Adilabad Division,Kothimir B.O,504273,BO,Delivery,KUMURAM BHEEM ASIFABAD,TELANGANA,19.3638689,79.5376658,5c2f62fe-5afa-4119-a499-fec9d604d5bd,5c2f62fe-5afa-4119-a499-fec9d604d5bd
Telangana Circle,Hyderabad Region,Adilabad Division,Papanpet B.O,504299,BO,Delivery,KUMURAM BHEEM ASIFABAD,TELANGANA,19.4764899,79.5839230,5c2f62fe-5afa-4119-a499-fec9d604d5bd,5c2f62fe-5afa-4119-a499-fec9d604d5bd
Telangana Circle,Hyderabad Region,Adilabad Division,Kukuda B.O,504299,BO,Delivery,KUMURAM BHEEM ASIFABAD,TELANGANA,NA,NA,5c2f62fe-5afa-4119-a499-fec9d604d5bd,5c2f62fe-5afa-4119-a499-fec9d604d5bd
Telangana Circle,Hyderabad Region,Adilabad Division,Bareguda B.O,504296,BO,Delivery,KUMURAM BHEEM ASIFABAD,TELANGANA,19.3285752,79.4760132,5c2f62fe-5afa-4119-a499-fec9d604d5bd,5c2f62fe-5afa-4119-a499-fec9d604d5bd
Telangana Circle,Hyderabad Region,Adilabad Division,Mosam B.O,504296,BO,Delivery,KUMURAM BHEEM ASIFABAD,TELANGANA,19.3778044,79.6165209,5c2f62fe-5afa-4119-a499-fec9d604d5bd,5c2f62fe-5afa-4119-a499-fec9d604d5bd
Telangana Circle,Hyderabad Region,Adilabad Division,Penchikalpet B.O,504296,BO,Delivery,KUMURAM BHEEM ASIFABAD,TELANGANA,19.2402360,79.8205696,5c2f62fe-5afa-4119-a499-fec9d604d5bd,5c2f62fe-5afa-4119-a499-fec9d604d5bd
Telangana Circle,Hyderabad Region,Adilabad Division,Vempalli B.O,504209,BO,Delivery,MANCHERIAL,TELANGANA,18.8730283,79.4118699,5c2f62fe-5afa-4119-a499-fec9d604d5bd,5c2f62fe-5afa-4119-a499-fec9d604d5bd
Telangana Circle,Hyderabad Region,Adilabad Division,Old Town B.O,504296,BO,Non Delivery,KUMURAM BHEEM ASIFABAD,TELANGANA,19.3454350,79.4782916,5c2f62fe-5afa-4119-a499-fec9d604d5bd,5c2f62fe-5afa-4119-a499-fec9d604d5bd
Telangana Circle,Hyderabad Region,Adilabad Division,Kammergaon  B.O,504296,BO,Delivery,KUMURAM BHEEM ASIFABAD,TELANGANA,NA,NA,5c2f62fe-5afa-4119-a499-fec9d604d5bd,5c2f62fe-5afa-4119-a499-fec9d604d5bd
Telangana Circle,Hyderabad Region,Adilabad Division,Chakepalli B.O,504272,BO,Delivery,MANCHERIAL,TELANGANA,19.1820860,79.4816378,5c2f62fe-5afa-4119-a499-fec9d604d5bd,5c2f62fe-5afa-4119-a499-fec9d604d5bd
Telangana Circle,Hyderabad Region,Adilabad Division,Repallewada B.O,504272,BO,Delivery,MANCHERIAL,TELANGANA,19.1760637,79.4281914,5c2f62fe-5afa-4119-a499-fec9d604d5bd,5c2f62fe-5afa-4119-a499-fec9d604d5bd
Telangana Circle,Hyderabad Region,Adilabad Division,Ginnedhari B.O,504297,BO,Delivery,KUMURAM BHEEM ASIFABAD,TELANGANA,19.1973141,79.239476100000005,5c2f62fe-5afa-4119-a499-fec9d604d5bd,5c2f62fe-5afa-4119-a499-fec9d604d5bd
Telangana Circle,Hyderabad Region,Adilabad Division,Malini,504295,BO,Delivery,KUMURAM BHEEM ASIFABAD,TELANGANA,19.458072999999999,79.400529000000006,5c2f62fe-5afa-4119-a499-fec9d604d5bd,5c2f62fe-5afa-4119-a499-fec9d604d5bd
Telangana Circle,Hyderabad Region,Hanamkonda Division,Yellapur B.O,506371,BO,Delivery,HANUMAKONDA,TELANGANA,18.0814575,79.4986557,5c2f62fe-5afa-4119-a499-fec9d604d5bd,5c2f62fe-5afa-4119-a499-fec9d604d5bd
Telangana Circle,Hyderabad Region,Hanamkonda Division,Madipalli B.O,506371,BO,Delivery,HANUMAKONDA,TELANGANA,18.0721411,79.5205913,5c2f62fe-5afa-4119-a499-fec9d604d5bd,5c2f62fe-5afa-4119-a499-fec9d604d5bd
Telangana Circle,Hyderabad Region,Karimnagar Division,Yellapur B.O,505415,BO,Delivery,Jagitial,TELANGANA,18.6848470,79.1109610,5c2f62fe-5afa-4119-a499-fec9d604d5bd,5c2f62fe-5afa-4119-a499-fec9d604d5bd
Telangana Circle,Hyderabad Region,Karimnagar Division,Mucherla B.O,505304,BO,Delivery,RAJANNA SIRCILLA,TELANGANA,18.2681810,78.6221410,5c2f62fe-5afa-4119-a499-fec9d604d5bd,5c2f62fe-5afa-4119-a499-fec9d604d5bd
Telangana Circle,Hyderabad Region,Karimnagar Division,Pegadapalli B.O,505532,BO,Delivery,Jagitial,TELANGANA,18.6985990,79.0740320,5c2f62fe-5afa-4119-a499-fec9d604d5bd,5c2f62fe-5afa-4119-a499-fec9d604d5bd
Telangana Circle,Hyderabad Region,Hanamkonda Division,Kondaparthy B.O,506003,BO,Delivery,HANUMAKONDA,TELANGANA,17.9224790,79.5384425,5c2f62fe-5afa-4119-a499-fec9d604d5bd,5c2f62fe-5afa-4119-a499-fec9d604d5bd
Telangana Circle,Hyderabad Region,Hanamkonda Division,Abdulnagaram B.O,506145,BO,Delivery,JANGOAN,TELANGANA,17.9319733,79.2306900,5c2f62fe-5afa-4119-a499-fec9d604d5bd,5c2f62fe-5afa-4119-a499-fec9d604d5bd
Telangana Circle,Hyderabad Region,Hanamkonda Division,Rajavaram B.O,506144,BO,Delivery,JANGOAN,TELANGANA,17.8877326,79.3885943,5c2f62fe-5afa-4119-a499-fec9d604d5bd,5c2f62fe-5afa-4119-a499-fec9d604d5bd
Telangana Circle,Hyderabad Region,Hanamkonda Division,Chinnapendyal B.O,506144,BO,Delivery,JANGOAN,TELANGANA,17.8937252,79.4178912,5c2f62fe-5afa-4119-a499-fec9d604d5bd,5c2f62fe-5afa-4119-a499-fec9d604d5bd
Telangana Circle,Hyderabad Region,Hanamkonda Division,China Raman Cherla B.O,506221,BO,Delivery,JANGOAN,TELANGANA,17.7681400,79.0459949,5c2f62fe-5afa-4119-a499-fec9d604d5bd,5c2f62fe-5afa-4119-a499-fec9d604d5bd
Telangana Circle,Hyderabad Region,Hanamkonda Division,Tatikonda B.O,506301,BO,Delivery,JANGOAN,TELANGANA,17.8133662,79.3340276,5c2f62fe-5afa-4119-a499-fec9d604d5bd,5c2f62fe-5afa-4119-a499-fec9d604d5bd
Telangana Circle,Hyderabad Region,Hanamkonda Division,Chinchinkota B.O,506223,BO,Delivery,SIDDIPET,TELANGANA,17.8746190,78.9639012,5c2f62fe-5afa-4119-a499-fec9d604d5bd,5c2f62fe-5afa-4119-a499-fec9d604d5bd
Telangana Circle,Hyderabad Region,Hanamkonda Division,Kadaverugu B.O,506223,BO,Delivery,SIDDIPET,TELANGANA,17.9072799,78.9388837,5c2f62fe-5afa-4119-a499-fec9d604d5bd,5c2f62fe-5afa-4119-a499-fec9d604d5bd
Telangana Circle,Hyderabad Region,Hanamkonda Division,Garmillapalli B.O,506143,BO,Delivery,HANUMAKONDA,TELANGANA,17.7922519,79.4935684,5c2f62fe-5afa-4119-a499-fec9d604d5bd,5c2f62fe-5afa-4119-a499-fec9d604d5bd
Telangana Circle,Hyderabad Region,Hanamkonda Division,Raghunathpalli B.O,506143,BO,Delivery,JANGOAN,TELANGANA,17.8543710,79.4773529,5c2f62fe-5afa-4119-a499-fec9d604d5bd,5c2f62fe-5afa-4119-a499-fec9d604d5bd
Telangana Circle,Hyderabad Region,Hanamkonda Division,Tanedarpalli B.O,506143,BO,Delivery,JANGOAN,TELANGANA,17.8442036,79.3746343,5c2f62fe-5afa-4119-a499-fec9d604d5bd,5c2f62fe-5afa-4119-a499-fec9d604d5bd
Telangana Circle,Hyderabad Region,Hanamkonda Division,Nemiligonda B.O,506143,BO,Delivery,JANGOAN,TELANGANA,17.8442036,79.3746343,5c2f62fe-5afa-4119-a499-fec9d604d5bd,5c2f62fe-5afa-4119-a499-fec9d604d5bd
Telangana Circle,Hyderabad Region,Hanamkonda Division,Uppugal B.O,506143,BO,Delivery,JANGOAN,TELANGANA,17.8804780,79.4230850,5c2f62fe-5afa-4119-a499-fec9d604d5bd,5c2f62fe-5afa-4119-a499-fec9d604d5bd
Telangana Circle,Hyderabad Region,Karimnagar Division,Samudrala,505467,BO,Delivery,SIDDIPET,TELANGANA,18.1108470,79.1215400,5c2f62fe-5afa-4119-a499-fec9d604d5bd,5c2f62fe-5afa-4119-a499-fec9d604d5bd
Telangana Circle,Hyderabad Region,Hanamkonda Division,Narmetta B.O,506175,BO,Non Delivery,JANGOAN,TELANGANA,17.9320000,79.1521000,5c2f62fe-5afa-4119-a499-fec9d604d5bd,5c2f62fe-5afa-4119-a499-fec9d604d5bd
Telangana Circle,Hyderabad Region,Hanamkonda Division,Nellutla B.O,506175,BO,Non Delivery,JANGOAN,TELANGANA,17.7890000,79.1672000,5c2f62fe-5afa-4119-a499-fec9d604d5bd,5c2f62fe-5afa-4119-a499-fec9d604d5bd
Telangana Circle,Hyderabad Region,Hanamkonda Division,Peddapahad B.O,506175,BO,Delivery,JANGOAN,TELANGANA,17.7320000,79.1780000,5c2f62fe-5afa-4119-a499-fec9d604d5bd,5c2f62fe-5afa-4119-a499-fec9d604d5bd
Telangana Circle,Hyderabad Region,Hanamkonda Division,Rebarthy B.O,506367,BO,Delivery,SIDDIPET,TELANGANA,17.2230000,79.1200000,5c2f62fe-5afa-4119-a499-fec9d604d5bd,5c2f62fe-5afa-4119-a499-fec9d604d5bd
Telangana Circle,Hyderabad Region,Hanamkonda Division,Dhulmitta B.O,506367,BO,Delivery,SIDDIPET,TELANGANA,17.0892000,79.0991000,5c2f62fe-5afa-4119-a499-fec9d604d5bd,5c2f62fe-5afa-4119-a499-fec9d604d5bd
Telangana Circle,Hyderabad Region,Hanamkonda Division,Posanpalli B.O,506355,BO,Delivery,SIDDIPET,TELANGANA,16.9960000,78.9230000,5c2f62fe-5afa-4119-a499-fec9d604d5bd,5c2f62fe-5afa-4119-a499-fec9d604d5bd
Telangana Circle,Hyderabad Region,Hanamkonda Division,Tadur Bo B.O,506355,BO,Delivery,SIDDIPET,TELANGANA,16.9810000,78.9620000,5c2f62fe-5afa-4119-a499-fec9d604d5bd,5c2f62fe-5afa-4119-a499-fec9d604d5bd
Telangana Circle,Hyderabad Region,Hanamkonda Division,Pasaramadla B.O,506201,BO,Delivery,JANGOAN,TELANGANA,16.4420000,78.8540000,5c2f62fe-5afa-4119-a499-fec9d604d5bd,5c2f62fe-5afa-4119-a499-fec9d604d5bd
Telangana Circle,Hyderabad Region,Hanamkonda Division,Nidigonda B.O,506244,BO,Delivery,JANGOAN,TELANGANA,15.4025000,76.5960000,5c2f62fe-5afa-4119-a499-fec9d604d5bd,5c2f62fe-5afa-4119-a499-fec9d604d5bd
Telangana Circle,Hyderabad Region,Hanamkonda Division,Iravennur B.O,506244,BO,Delivery,JANGOAN,TELANGANA,15.9630000,79.3210000,5c2f62fe-5afa-4119-a499-fec9d604d5bd,5c2f62fe-5afa-4119-a499-fec9d604d5bd
Telangana Circle,Hyderabad Region,Hanamkonda Division,Mangal Banda Thanda B.O,506244,BO,Delivery,JANGOAN,TELANGANA,14.3550000,78.3970000,5c2f62fe-5afa-4119-a499-fec9d604d5bd,5c2f62fe-5afa-4119-a499-fec9d604d5bd
Telangana Circle,Hyderabad Region,Hanamkonda Division,Wanaparthy B.O,506303,BO,Delivery,JANGOAN,TELANGANA,16.3287414,70.8964000,5c2f62fe-5afa-4119-a499-fec9d604d5bd,5c2f62fe-5afa-4119-a499-fec9d604d5bd
Telangana Circle,Hyderabad Region,Hanamkonda Division,Dammannapet B.O,506342,BO,Delivery,WARANGAL,TELANGANA,18.067409999999999,79.672430000000006,5c2f62fe-5afa-4119-a499-fec9d604d5bd,5c2f62fe-5afa-4119-a499-fec9d604d5bd
Telangana Circle,Hyderabad Region,Karimnagar Division,Nagaram B.O,505301,BO,Delivery,RAJANNA SIRCILLA,TELANGANA,18.4472390,78.7688730,5c2f62fe-5afa-4119-a499-fec9d604d5bd,5c2f62fe-5afa-4119-a499-fec9d604d5bd
Telangana Circle,Hyderabad Region,Hanamkonda Division,Kasimpalli B.O,506169,BO,Delivery,JAYASHANKAR BHUPALAPALLY,TELANGANA,79.0000000,17.0000000,5c2f62fe-5afa-4119-a499-fec9d604d5bd,5c2f62fe-5afa-4119-a499-fec9d604d5bd
Telangana Circle,Hyderabad Region,Hanamkonda Division,Laxmareddipalli B.O,506168,BO,Delivery,JAYASHANKAR BHUPALAPALLY,TELANGANA,35.8968000,61.2536900,5c2f62fe-5afa-4119-a499-fec9d604d5bd,5c2f62fe-5afa-4119-a499-fec9d604d5bd
Telangana Circle,Hyderabad Region,Hanamkonda Division,Garimillapalli B.O,506356,BO,Delivery,JAYASHANKAR BHUPALAPALLY,TELANGANA,39.5698000,58.6359000,5c2f62fe-5afa-4119-a499-fec9d604d5bd,5c2f62fe-5afa-4119-a499-fec9d604d5bd
Telangana Circle,Hyderabad Region,Hanamkonda Division,Kundanpalli B.O,506356,BO,Delivery,JAYASHANKAR BHUPALAPALLY,TELANGANA,18.2549000,79.8968700,5c2f62fe-5afa-4119-a499-fec9d604d5bd,5c2f62fe-5afa-4119-a499-fec9d604d5bd
Telangana Circle,Hyderabad Region,Karimnagar Division,Nawabpet B.O,505467,BO,Delivery,KARIMNAGAR,TELANGANA,18.1807040,79.1697810,5c2f62fe-5afa-4119-a499-fec9d604d5bd,5c2f62fe-5afa-4119-a499-fec9d604d5bd
Telangana Circle,Hyderabad Region,Hanamkonda Division,Nawabpet B.O,506356,BO,Delivery,JAYASHANKAR BHUPALAPALLY,TELANGANA,18.3434466,79.6554116,5c2f62fe-5afa-4119-a499-fec9d604d5bd,5c2f62fe-5afa-4119-a499-fec9d604d5bd
Telangana Circle,Hyderabad Region,Hanamkonda Division,Pangidipalli B.O,506356,BO,Delivery,JAYASHANKAR BHUPALAPALLY,TELANGANA,18.4059149,79.6351512,5c2f62fe-5afa-4119-a499-fec9d604d5bd,5c2f62fe-5afa-4119-a499-fec9d604d5bd
Telangana Circle,Hyderabad Region,Hanamkonda Division,Sarvai B.O,506165,BO,Delivery,Mulugu,TELANGANA,18.49165,80.330640000000002,5c2f62fe-5afa-4119-a499-fec9d604d5bd,5c2f62fe-5afa-4119-a499-fec9d604d5bd
Telangana Circle,Hyderabad Region,Hanamkonda Division,Thimmapur B.O,506345,BO,Delivery,JAYASHANKAR BHUPALAPALLY,TELANGANA,18.3295766,79.9764416,5c2f62fe-5afa-4119-a499-fec9d604d5bd,5c2f62fe-5afa-4119-a499-fec9d604d5bd
Telangana Circle,Hyderabad Region,Hanamkonda Division,Bhagirathipet B.O,506345,BO,Delivery,JAYASHANKAR BHUPALAPALLY,TELANGANA,18.2777497,79.7914119,5c2f62fe-5afa-4119-a499-fec9d604d5bd,5c2f62fe-5afa-4119-a499-fec9d604d5bd
Telangana Circle,Hyderabad Region,Hanamkonda Division,Machapur B.O,506344,BO,Delivery,Mulugu,TELANGANA,18.2115978,80.0623935,5c2f62fe-5afa-4119-a499-fec9d604d5bd,5c2f62fe-5afa-4119-a499-fec9d604d5bd
Telangana Circle,Hyderabad Region,Hanamkonda Division,Potlapur B.O,506352,BO,Delivery,Mulugu,TELANGANA,18.110620000000001,79.991910000000004,5c2f62fe-5afa-4119-a499-fec9d604d5bd,5c2f62fe-5afa-4119-a499-fec9d604d5bd
Telangana Circle,Hyderabad Region,Hanamkonda Division,Balannagudem B.O,506172,BO,Delivery,Mulugu,TELANGANA,18.198540000000001,80.524280000000005,5c2f62fe-5afa-4119-a499-fec9d604d5bd,5c2f62fe-5afa-4119-a499-fec9d604d5bd
Telangana Circle,Hyderabad Region,Hanamkonda Division,Jadalpet B.O,506170,BO,Non Delivery,JAYASHANKAR BHUPALAPALLY,TELANGANA,18.3690203,79.7398632,5c2f62fe-5afa-4119-a499-fec9d604d5bd,5c2f62fe-5afa-4119-a499-fec9d604d5bd
Telangana Circle,Hyderabad Region,Hanamkonda Division,Relakunta B.O,506350,BO,Delivery,WARANGAL,TELANGANA,18.0792252,79.8205965,5c2f62fe-5afa-4119-a499-fec9d604d5bd,5c2f62fe-5afa-4119-a499-fec9d604d5bd
Telangana Circle,Hyderabad Region,Hanamkonda Division,Ramachandrapuram B.O,506221,BO,Delivery,JANGOAN,TELANGANA,17.7954983,78.9449683,5c2f62fe-5afa-4119-a499-fec9d604d5bd,5c2f62fe-5afa-4119-a499-fec9d604d5bd
Telangana Circle,Hyderabad Region,Hanamkonda Division,Akinepalli B.O,506366,BO,Delivery,JAYASHANKAR BHUPALAPALLY,TELANGANA,18.3614001,79.5950964,5c2f62fe-5afa-4119-a499-fec9d604d5bd,5c2f62fe-5afa-4119-a499-fec9d604d5bd
Telangana Circle,Hyderabad Region,Hanamkonda Division,Peddakomati Palli B.O,506366,BO,Delivery,JAYASHANKAR BHUPALAPALLY,TELANGANA,18.3396879,79.6000073,5c2f62fe-5afa-4119-a499-fec9d604d5bd,5c2f62fe-5afa-4119-a499-fec9d604d5bd
Telangana Circle,Hyderabad Region,Hanamkonda Division,Pidicilla B.O,506366,BO,Delivery,JAYASHANKAR BHUPALAPALLY,TELANGANA,18.3072561,79.6063575,5c2f62fe-5afa-4119-a499-fec9d604d5bd,5c2f62fe-5afa-4119-a499-fec9d604d5bd
Telangana Circle,Hyderabad Region,Hanamkonda Division,Vemulapalli B.O,506366,BO,Delivery,JAYASHANKAR BHUPALAPALLY,TELANGANA,18.2778600,79.6122286,5c2f62fe-5afa-4119-a499-fec9d604d5bd,5c2f62fe-5afa-4119-a499-fec9d604d5bd
Telangana Circle,Hyderabad Region,Hanamkonda Division,Abbapur B.O,506343,BO,Delivery,Mulugu,TELANGANA,18.1662582,79.9346789,5c2f62fe-5afa-4119-a499-fec9d604d5bd,5c2f62fe-5afa-4119-a499-fec9d604d5bd
Telangana Circle,Hyderabad Region,Hanamkonda Division,Bandarupalli B.O,506343,BO,Delivery,Mulugu,TELANGANA,18.1662582,79.9346789,5c2f62fe-5afa-4119-a499-fec9d604d5bd,5c2f62fe-5afa-4119-a499-fec9d604d5bd
Telangana Circle,Hyderabad Region,Hanamkonda Division,Narlapur B.O,506391,BO,Delivery,WARANGAL,TELANGANA,18.2414939,79.6011127,5c2f62fe-5afa-4119-a499-fec9d604d5bd,5c2f62fe-5afa-4119-a499-fec9d604d5bd
Telangana Circle,Hyderabad Region,Hanamkonda Division,Mustialpalli B.O,506391,BO,Delivery,WARANGAL,TELANGANA,18.159929999999999,79.614320000000006,5c2f62fe-5afa-4119-a499-fec9d604d5bd,5c2f62fe-5afa-4119-a499-fec9d604d5bd
Telangana Circle,Hyderabad Region,Hanamkonda Division,Oorattam B.O,506347,BO,Delivery,Mulugu,TELANGANA,18.3228717,80.2191091,5c2f62fe-5afa-4119-a499-fec9d604d5bd,5c2f62fe-5afa-4119-a499-fec9d604d5bd
Telangana Circle,Hyderabad Region,Hanamkonda Division,Bittupalli B.O,506347,BO,Delivery,Mulugu,TELANGANA,18.1910045,80.1690875,5c2f62fe-5afa-4119-a499-fec9d604d5bd,5c2f62fe-5afa-4119-a499-fec9d604d5bd
Telangana Circle,Hyderabad City Region,Medak Division,Narlapur BO,502102,BO,Delivery,MEDAK,TELANGANA,18.074595,78.540842,5c2f62fe-5afa-4119-a499-fec9d604d5bd,5c2f62fe-5afa-4119-a499-fec9d604d5bd
Telangana Circle,Hyderabad Region,Hanamkonda Division,Kothapalli v B.O,506170,BO,Delivery,JAYASHANKAR BHUPALAPALLY,TELANGANA,18.3679780,79.7826000,5c2f62fe-5afa-4119-a499-fec9d604d5bd,5c2f62fe-5afa-4119-a499-fec9d604d5bd
Telangana Circle,Hyderabad Region,Hanamkonda Division,Ramannagudem B.O,506348,BO,Delivery,JAYASHANKAR BHUPALAPALLY,TELANGANA,18.251473000000001,79.856381499999998,5c2f62fe-5afa-4119-a499-fec9d604d5bd,5c2f62fe-5afa-4119-a499-fec9d604d5bd
Telangana Circle,Hyderabad Region,Hanamkonda Division,Repakpalli B.O,506348,BO,Delivery,JAYASHANKAR BHUPALAPALLY,TELANGANA,18.2827041,79.7147792,5c2f62fe-5afa-4119-a499-fec9d604d5bd,5c2f62fe-5afa-4119-a499-fec9d604d5bd
Telangana Circle,Hyderabad Region,Hanamkonda Division,Dammannapet B.O,506348,BO,Delivery,JAYASHANKAR BHUPALAPALLY,TELANGANA,18.2344293,79.7352230,5c2f62fe-5afa-4119-a499-fec9d604d5bd,5c2f62fe-5afa-4119-a499-fec9d604d5bd
Telangana Circle,Hyderabad Region,Hanamkonda Division,Ramannagudem B.O,506165,BO,Delivery,Mulugu,TELANGANA,18.3389210,80.4302319,5c2f62fe-5afa-4119-a499-fec9d604d5bd,5c2f62fe-5afa-4119-a499-fec9d604d5bd
Telangana Circle,Hyderabad Region,Hanamkonda Division,Sultanpur B.O,506348,BO,Delivery,JAYASHANKAR BHUPALAPALLY,TELANGANA,18.2018606,79.8079134,5c2f62fe-5afa-4119-a499-fec9d604d5bd,5c2f62fe-5afa-4119-a499-fec9d604d5bd
Telangana Circle,Hyderabad Region,Hanamkonda Division,Nizampalli B.O,506348,BO,Delivery,JAYASHANKAR BHUPALAPALLY,TELANGANA,18.165649999999999,79.810959999999994,5c2f62fe-5afa-4119-a499-fec9d604d5bd,5c2f62fe-5afa-4119-a499-fec9d604d5bd
Telangana Circle,Hyderabad Region,Hanamkonda Division,Gatlakaniparthy B.O,506319,BO,Delivery,JAYASHANKAR BHUPALAPALLY,TELANGANA,18.1340162,79.6803943,5c2f62fe-5afa-4119-a499-fec9d604d5bd,5c2f62fe-5afa-4119-a499-fec9d604d5bd
Telangana Circle,Hyderabad Region,Hanamkonda Division,Taharapur B.O,506319,BO,Delivery,JAYASHANKAR BHUPALAPALLY,TELANGANA,18.1269062,79.7084366,5c2f62fe-5afa-4119-a499-fec9d604d5bd,5c2f62fe-5afa-4119-a499-fec9d604d5bd
Telangana Circle,Hyderabad Region,Hanamkonda Division,Chinnakodepak B.O,506319,BO,Delivery,JAYASHANKAR BHUPALAPALLY,TELANGANA,18.1650847,79.7393060,5c2f62fe-5afa-4119-a499-fec9d604d5bd,5c2f62fe-5afa-4119-a499-fec9d604d5bd
Telangana Circle,Hyderabad Region,Hanamkonda Division,Pathipak B.O,506319,BO,Delivery,JAYASHANKAR BHUPALAPALLY,TELANGANA,18.1020054,79.7058414,5c2f62fe-5afa-4119-a499-fec9d604d5bd,5c2f62fe-5afa-4119-a499-fec9d604d5bd
Telangana Circle,Hyderabad Region,Hanamkonda Division,Pocharam B.O,506319,BO,Delivery,JAYASHANKAR BHUPALAPALLY,TELANGANA,18.161560000000001,79.732100000000003,5c2f62fe-5afa-4119-a499-fec9d604d5bd,5c2f62fe-5afa-4119-a499-fec9d604d5bd
Telangana Circle,Hyderabad Region,Hanamkonda Division,Ramtheertham B.O,506350,BO,Delivery,WARANGAL,TELANGANA,18.049019999999999,79.876589999999993,5c2f62fe-5afa-4119-a499-fec9d604d5bd,5c2f62fe-5afa-4119-a499-fec9d604d5bd
Telangana Circle,Hyderabad Region,Karimnagar Division,Donthapur B.O,505425,BO,Delivery,Jagitial,TELANGANA,19.0373464,79.0338275,5c2f62fe-5afa-4119-a499-fec9d604d5bd,5c2f62fe-5afa-4119-a499-fec9d604d5bd
Telangana Circle,Hyderabad Region,Karimnagar Division,Kothapalli B.O,505304,BO,Delivery,RAJANNA SIRCILLA,TELANGANA,18.2578900,78.5845370,5c2f62fe-5afa-4119-a499-fec9d604d5bd,5c2f62fe-5afa-4119-a499-fec9d604d5bd
Telangana Circle,Hyderabad Region,Karimnagar Division,Mallareddipet B.O,505304,BO,Delivery,RAJANNA SIRCILLA,TELANGANA,18.3242230,78.6185940,5c2f62fe-5afa-4119-a499-fec9d604d5bd,5c2f62fe-5afa-4119-a499-fec9d604d5bd
Telangana Circle,Hyderabad Region,Karimnagar Division,Narmala B.O,505304,BO,Delivery,RAJANNA SIRCILLA,TELANGANA,18.3615390,78.6549670,5c2f62fe-5afa-4119-a499-fec9d604d5bd,5c2f62fe-5afa-4119-a499-fec9d604d5bd
Telangana Circle,Hyderabad Region,Karimnagar Division,Rapalli B.O,505532,BO,Delivery,Jagitial,TELANGANA,18.8123700,79.0406660,5c2f62fe-5afa-4119-a499-fec9d604d5bd,5c2f62fe-5afa-4119-a499-fec9d604d5bd
Telangana Circle,Hyderabad Region,Karimnagar Division,Vemulakurthi B.O,505450,BO,Delivery,Jagitial,TELANGANA,18.9632340,78.5991950,5c2f62fe-5afa-4119-a499-fec9d604d5bd,5c2f62fe-5afa-4119-a499-fec9d604d5bd
Telangana Circle,Hyderabad Region,Karimnagar Division,Maddutla B.O,505452,BO,Delivery,Jagitial,TELANGANA,18.7138570,78.8962190,5c2f62fe-5afa-4119-a499-fec9d604d5bd,5c2f62fe-5afa-4119-a499-fec9d604d5bd
Telangana Circle,Hyderabad Region,Karimnagar Division,Bandapalli B.O,505403,BO,Delivery,RAJANNA SIRCILLA,TELANGANA,18.5272830,78.7340780,5c2f62fe-5afa-4119-a499-fec9d604d5bd,5c2f62fe-5afa-4119-a499-fec9d604d5bd
Telangana Circle,Hyderabad Region,Karimnagar Division,Kalvakota B.O,505453,BO,Delivery,Jagitial,TELANGANA,18.7641210,78.7830380,5c2f62fe-5afa-4119-a499-fec9d604d5bd,5c2f62fe-5afa-4119-a499-fec9d604d5bd
Telangana Circle,Hyderabad Region,Karimnagar Division,Katlakunta B.O,505453,BO,Delivery,Jagitial,TELANGANA,18.8356860,78.8114980,5c2f62fe-5afa-4119-a499-fec9d604d5bd,5c2f62fe-5afa-4119-a499-fec9d604d5bd
Telangana Circle,Hyderabad Region,Karimnagar Division,Mohanraopet B.O,505453,BO,Delivery,Jagitial,TELANGANA,18.8126660,78.7791610,5c2f62fe-5afa-4119-a499-fec9d604d5bd,5c2f62fe-5afa-4119-a499-fec9d604d5bd
Telangana Circle,Hyderabad Region,Karimnagar Division,Chowlamaddi B.O,505325,BO,Delivery,Jagitial,TELANGANA,18.8279680,78.6504790,5c2f62fe-5afa-4119-a499-fec9d604d5bd,5c2f62fe-5afa-4119-a499-fec9d604d5bd
Telangana Circle,Hyderabad Region,Karimnagar Division,Metlachittapur B.O,505325,BO,Delivery,Jagitial,TELANGANA,18.7904150,78.5902140,5c2f62fe-5afa-4119-a499-fec9d604d5bd,5c2f62fe-5afa-4119-a499-fec9d604d5bd
Telangana Circle,Hyderabad Region,Karimnagar Division,Namapur B.O,505404,BO,Delivery,RAJANNA SIRCILLA,TELANGANA,18.2905940,78.6728170,5c2f62fe-5afa-4119-a499-fec9d604d5bd,5c2f62fe-5afa-4119-a499-fec9d604d5bd
Telangana Circle,Hyderabad Region,Karimnagar Division,Mogalpet B.O,505331,BO,Delivery,Jagitial,TELANGANA,18.9657720,78.6522710,5c2f62fe-5afa-4119-a499-fec9d604d5bd,5c2f62fe-5afa-4119-a499-fec9d604d5bd
Telangana Circle,Hyderabad Region,Karimnagar Division,Chittapur B.O,505331,BO,Delivery,Jagitial,TELANGANA,18.8905270,78.6951790,5c2f62fe-5afa-4119-a499-fec9d604d5bd,5c2f62fe-5afa-4119-a499-fec9d604d5bd
Telangana Circle,Hyderabad City Region,Sangareddy Division,Ratnapur B.O,502313,BO,Delivery,MEDAK,TELANGANA,17.826485219407783,78.34469553793872,5c2f62fe-5afa-4119-a499-fec9d604d5bd,5c2f62fe-5afa-4119-a499-fec9d604d5bd
Telangana Circle,Hyderabad Region,Karimnagar Division,Sataram B.O,505331,BO,Delivery,Jagitial,TELANGANA,18.9016940,78.7447640,5c2f62fe-5afa-4119-a499-fec9d604d5bd,5c2f62fe-5afa-4119-a499-fec9d604d5bd
Telangana Circle,Hyderabad Region,Karimnagar Division,Nakkalapet B.O,505454,BO,Delivery,Jagitial,TELANGANA,18.9711450,79.0602680,5c2f62fe-5afa-4119-a499-fec9d604d5bd,5c2f62fe-5afa-4119-a499-fec9d604d5bd
Telangana Circle,Hyderabad Region,Karimnagar Division,Thumminala B.O,505454,BO,Delivery,Jagitial,TELANGANA,18.9500200,79.0623870,5c2f62fe-5afa-4119-a499-fec9d604d5bd,5c2f62fe-5afa-4119-a499-fec9d604d5bd
Telangana Circle,Hyderabad Region,Karimnagar Division,Chelgal B.O,505455,BO,Delivery,Jagitial,TELANGANA,18.8129970,78.8764290,5c2f62fe-5afa-4119-a499-fec9d604d5bd,5c2f62fe-5afa-4119-a499-fec9d604d5bd
Telangana Circle,Hyderabad Region,Karimnagar Division,Morapalli B.O,505455,BO,Delivery,Jagitial,TELANGANA,18.8271220,78.8566660,5c2f62fe-5afa-4119-a499-fec9d604d5bd,5c2f62fe-5afa-4119-a499-fec9d604d5bd
Telangana Circle,Hyderabad Region,Karimnagar Division,Pembatla Konapur B.O,505529,BO,Delivery,Jagitial,TELANGANA,18.8699630,78.9384410,5c2f62fe-5afa-4119-a499-fec9d604d5bd,5c2f62fe-5afa-4119-a499-fec9d604d5bd
Telangana Circle,Hyderabad Region,Karimnagar Division,Adivipadira B.O,505305,BO,Delivery,RAJANNA SIRCILLA,TELANGANA,18.5085350,78.5988310,5c2f62fe-5afa-4119-a499-fec9d604d5bd,5c2f62fe-5afa-4119-a499-fec9d604d5bd
Telangana Circle,Hyderabad Region,Karimnagar Division,Almaspur B.O,505305,BO,Delivery,RAJANNA SIRCILLA,TELANGANA,18.4295150,78.6543420,5c2f62fe-5afa-4119-a499-fec9d604d5bd,5c2f62fe-5afa-4119-a499-fec9d604d5bd
Telangana Circle,Hyderabad Region,Karimnagar Division,Koratlapet B.O,505305,BO,Delivery,RAJANNA SIRCILLA,TELANGANA,18.3559400,78.6235600,5c2f62fe-5afa-4119-a499-fec9d604d5bd,5c2f62fe-5afa-4119-a499-fec9d604d5bd
Telangana Circle,Hyderabad Region,Karimnagar Division,Samudralingapur B.O,505305,BO,Delivery,RAJANNA SIRCILLA,TELANGANA,18.3790740,78.5893890,5c2f62fe-5afa-4119-a499-fec9d604d5bd,5c2f62fe-5afa-4119-a499-fec9d604d5bd
Telangana Circle,Hyderabad Region,Karimnagar Division,Joganapalli B.O,505460,BO,Delivery,Jagitial,TELANGANA,18.8623870,78.7840750,5c2f62fe-5afa-4119-a499-fec9d604d5bd,5c2f62fe-5afa-4119-a499-fec9d604d5bd
Telangana Circle,Hyderabad Region,Karimnagar Division,Kummarpalli B.O,505460,BO,Delivery,Jagitial,TELANGANA,18.8990370,78.8279770,5c2f62fe-5afa-4119-a499-fec9d604d5bd,5c2f62fe-5afa-4119-a499-fec9d604d5bd
Telangana Circle,Hyderabad Region,Karimnagar Division,Mootapalli B.O,505460,BO,Delivery,Jagitial,TELANGANA,18.9468830,78.8028670,5c2f62fe-5afa-4119-a499-fec9d604d5bd,5c2f62fe-5afa-4119-a499-fec9d604d5bd
Telangana Circle,Hyderabad Region,Karimnagar Division,Thimmapur B.O,505307,BO,Delivery,RAJANNA SIRCILLA,TELANGANA,18.5778660,78.8004040,5c2f62fe-5afa-4119-a499-fec9d604d5bd,5c2f62fe-5afa-4119-a499-fec9d604d5bd
Telangana Circle,Hyderabad Region,Warangal Division,Mallial B.O,506102,BO,Delivery,MAHABUBABAD,TELANGANA,17.560186000000002,79.961567000000002,5c2f62fe-5afa-4119-a499-fec9d604d5bd,5c2f62fe-5afa-4119-a499-fec9d604d5bd
Telangana Circle,Hyderabad Region,Karimnagar Division,Dharmaram B.O,505301,BO,Delivery,RAJANNA SIRCILLA,TELANGANA,18.4455670,78.7409230,5c2f62fe-5afa-4119-a499-fec9d604d5bd,5c2f62fe-5afa-4119-a499-fec9d604d5bd
Telangana Circle,Hyderabad Region,Karimnagar Division,Kanagarthi B.O,505301,BO,Delivery,RAJANNA SIRCILLA,TELANGANA,18.4800750,78.7577680,5c2f62fe-5afa-4119-a499-fec9d604d5bd,5c2f62fe-5afa-4119-a499-fec9d604d5bd
Telangana Circle,Hyderabad Region,Karimnagar Division,Katkur B.O,505301,BO,Delivery,RAJANNA SIRCILLA,TELANGANA,18.3479110,78.7582470,5c2f62fe-5afa-4119-a499-fec9d604d5bd,5c2f62fe-5afa-4119-a499-fec9d604d5bd
Telangana Circle,Hyderabad Region,Karimnagar Division,Bonala B.O,505301,BO,Delivery,RAJANNA SIRCILLA,TELANGANA,18.3958520,78.7787750,5c2f62fe-5afa-4119-a499-fec9d604d5bd,5c2f62fe-5afa-4119-a499-fec9d604d5bd
Telangana Circle,Hyderabad Region,Karimnagar Division,Venkatraopet B  O,505301,BO,Delivery,RAJANNA SIRCILLA,TELANGANA,18.4349270,78.9691250,5c2f62fe-5afa-4119-a499-fec9d604d5bd,5c2f62fe-5afa-4119-a499-fec9d604d5bd
Telangana Circle,Hyderabad Region,Nizamabad Division,BASWAPUR B.O,503305,BO,Delivery,KAMAREDDY,TELANGANA,18.3605683,77.6035566,5c2f62fe-5afa-4119-a499-fec9d604d5bd,5c2f62fe-5afa-4119-a499-fec9d604d5bd
Telangana Circle,Hyderabad Region,Karimnagar Division,Tangallapalli B.O,505405,BO,Delivery,RAJANNA SIRCILLA,TELANGANA,18.3683220,78.8166260,5c2f62fe-5afa-4119-a499-fec9d604d5bd,5c2f62fe-5afa-4119-a499-fec9d604d5bd
Telangana Circle,Hyderabad Region,Karimnagar Division,Akkannapet B.O,505466,BO,Delivery,SIDDIPET,TELANGANA,18.0323970,79.2074880,5c2f62fe-5afa-4119-a499-fec9d604d5bd,5c2f62fe-5afa-4119-a499-fec9d604d5bd
Telangana Circle,Hyderabad Region,Karimnagar Division,Dacharam B.O,505405,BO,Delivery,RAJANNA SIRCILLA,TELANGANA,18.2484850,79.0548280,5c2f62fe-5afa-4119-a499-fec9d604d5bd,5c2f62fe-5afa-4119-a499-fec9d604d5bd
Telangana Circle,Hyderabad Region,Karimnagar Division,Gundaram B.O,505528,BO,Delivery,SIDDIPET,TELANGANA,18.2455510,78.9811850,5c2f62fe-5afa-4119-a499-fec9d604d5bd,5c2f62fe-5afa-4119-a499-fec9d604d5bd
Telangana Circle,Hyderabad Region,Karimnagar Division,Repaka B.O,505528,BO,Delivery,RAJANNA SIRCILLA,TELANGANA,18.2640310,78.9771940,5c2f62fe-5afa-4119-a499-fec9d604d5bd,5c2f62fe-5afa-4119-a499-fec9d604d5bd
Telangana Circle,Hyderabad Region,Karimnagar Division,Tadagonda B.O,505524,BO,Delivery,RAJANNA SIRCILLA,TELANGANA,18.5343190,78.9435160,5c2f62fe-5afa-4119-a499-fec9d604d5bd,5c2f62fe-5afa-4119-a499-fec9d604d5bd
Telangana Circle,Hyderabad Region,Karimnagar Division,Ottimalla B.O,505524,BO,Delivery,RAJANNA SIRCILLA,TELANGANA,18.5461330,78.8919850,5c2f62fe-5afa-4119-a499-fec9d604d5bd,5c2f62fe-5afa-4119-a499-fec9d604d5bd
Telangana Circle,Hyderabad Region,Karimnagar Division,Mallapur B.O,505415,BO,Delivery,PEDDAPALLI,TELANGANA,18.6526470,79.1573950,5c2f62fe-5afa-4119-a499-fec9d604d5bd,5c2f62fe-5afa-4119-a499-fec9d604d5bd
Telangana Circle,Hyderabad Region,Karimnagar Division,Ambaripet B.O,505526,BO,Delivery,Jagitial,TELANGANA,18.7964160,79.1865560,5c2f62fe-5afa-4119-a499-fec9d604d5bd,5c2f62fe-5afa-4119-a499-fec9d604d5bd
Telangana Circle,Hyderabad Region,Karimnagar Division,Muthunur B.O,505526,BO,Delivery,Jagitial,TELANGANA,18.8370670,79.2254590,5c2f62fe-5afa-4119-a499-fec9d604d5bd,5c2f62fe-5afa-4119-a499-fec9d604d5bd
Telangana Circle,Hyderabad City Region,Sangareddy Division,Atmakur B.O,502291,BO,Delivery,SANGAREDDY,TELANGANA,17.682775,77.93443,5c2f62fe-5afa-4119-a499-fec9d604d5bd,5c2f62fe-5afa-4119-a499-fec9d604d5bd
Telangana Circle,Hyderabad Region,Karimnagar Division,Jagadevpet B.O,505526,BO,Delivery,Jagitial,TELANGANA,18.8218060,79.1532110,5c2f62fe-5afa-4119-a499-fec9d604d5bd,5c2f62fe-5afa-4119-a499-fec9d604d5bd
Telangana Circle,Hyderabad Region,Karimnagar Division,Achampalli B.O,505445,BO,Delivery,KARIMNAGAR,TELANGANA,18.4772630,78.9906590,5c2f62fe-5afa-4119-a499-fec9d604d5bd,5c2f62fe-5afa-4119-a499-fec9d604d5bd
Telangana Circle,Hyderabad Region,Karimnagar Division,Nagireddipur B.O,505445,BO,Delivery,KARIMNAGAR,TELANGANA,18.5941830,79.0266640,5c2f62fe-5afa-4119-a499-fec9d604d5bd,5c2f62fe-5afa-4119-a499-fec9d604d5bd
Telangana Circle,Hyderabad Region,Karimnagar Division,Kurikyal B.O,505445,BO,Delivery,KARIMNAGAR,TELANGANA,18.5462960,79.0026640,5c2f62fe-5afa-4119-a499-fec9d604d5bd,5c2f62fe-5afa-4119-a499-fec9d604d5bd
Telangana Circle,Hyderabad Region,Karimnagar Division,Gouravelli B.O,505467,BO,Delivery,SIDDIPET,TELANGANA,18.0692370,79.1201230,5c2f62fe-5afa-4119-a499-fec9d604d5bd,5c2f62fe-5afa-4119-a499-fec9d604d5bd
Telangana Circle,Hyderabad Region,Karimnagar Division,Pandilla B.O,505467,BO,Delivery,SIDDIPET,TELANGANA,18.1345730,79.1640240,5c2f62fe-5afa-4119-a499-fec9d604d5bd,5c2f62fe-5afa-4119-a499-fec9d604d5bd
Telangana Circle,Hyderabad Region,Karimnagar Division,Parveda B.O,505467,BO,Delivery,SIDDIPET,TELANGANA,18.1600170,79.1485040,5c2f62fe-5afa-4119-a499-fec9d604d5bd,5c2f62fe-5afa-4119-a499-fec9d604d5bd
Telangana Circle,Hyderabad Region,Karimnagar Division,Cheppial B.O,505501,BO,Delivery,Jagitial,TELANGANA,18.6126490,78.9306840,5c2f62fe-5afa-4119-a499-fec9d604d5bd,5c2f62fe-5afa-4119-a499-fec9d604d5bd
Telangana Circle,Hyderabad Region,Karimnagar Division,Vallampatla B.O,505402,BO,Delivery,RAJANNA SIRCILLA,TELANGANA,18.3552880,78.9330980,5c2f62fe-5afa-4119-a499-fec9d604d5bd,5c2f62fe-5afa-4119-a499-fec9d604d5bd
Telangana Circle,Hyderabad Region,Warangal Division,Anantharam B.O,506102,BO,Delivery,MAHABUBABAD,TELANGANA,17.579708,80.042347000000007,5c2f62fe-5afa-4119-a499-fec9d604d5bd,5c2f62fe-5afa-4119-a499-fec9d604d5bd
Telangana Circle,Hyderabad Region,Karimnagar Division,Algunur B.O,505527,BO,Delivery,KARIMNAGAR,TELANGANA,18.4016640,79.1458940,5c2f62fe-5afa-4119-a499-fec9d604d5bd,5c2f62fe-5afa-4119-a499-fec9d604d5bd
Telangana Circle,Hyderabad Region,Karimnagar Division,Polampalli B.O,505469,BO,Delivery,KARIMNAGAR,TELANGANA,18.3026950,79.2370250,5c2f62fe-5afa-4119-a499-fec9d604d5bd,5c2f62fe-5afa-4119-a499-fec9d604d5bd
Telangana Circle,Hyderabad Region,Karimnagar Division,Bommakal B.O,505002,BO,Delivery,KARIMNAGAR,TELANGANA,18.4464510,79.1633180,5c2f62fe-5afa-4119-a499-fec9d604d5bd,5c2f62fe-5afa-4119-a499-fec9d604d5bd
Telangana Circle,Hyderabad Region,Karimnagar Division,Durshed B.O,505002,BO,Delivery,KARIMNAGAR,TELANGANA,18.4602630,79.1842390,5c2f62fe-5afa-4119-a499-fec9d604d5bd,5c2f62fe-5afa-4119-a499-fec9d604d5bd
Telangana Circle,Hyderabad Region,Karimnagar Division,Nallagonda B.O,505481,BO,Delivery,KARIMNAGAR,TELANGANA,18.3076250,79.1865130,5c2f62fe-5afa-4119-a499-fec9d604d5bd,5c2f62fe-5afa-4119-a499-fec9d604d5bd
Telangana Circle,Hyderabad Region,Karimnagar Division,Ramancha B.O,505481,BO,Delivery,KARIMNAGAR,TELANGANA,18.2668360,79.1450570,5c2f62fe-5afa-4119-a499-fec9d604d5bd,5c2f62fe-5afa-4119-a499-fec9d604d5bd
Telangana Circle,Hyderabad Region,Karimnagar Division,Katnapalli B.O,505531,BO,Delivery,KARIMNAGAR,TELANGANA,18.5436400,79.1125060,5c2f62fe-5afa-4119-a499-fec9d604d5bd,5c2f62fe-5afa-4119-a499-fec9d604d5bd
Telangana Circle,Hyderabad Region,Karimnagar Division,Koheda B.O,505473,BO,Delivery,SIDDIPET,TELANGANA,18.1714490,79.0938590,5c2f62fe-5afa-4119-a499-fec9d604d5bd,5c2f62fe-5afa-4119-a499-fec9d604d5bd
Telangana Circle,Hyderabad Region,Karimnagar Division,Jangapalli B.O,505530,BO,Delivery,KARIMNAGAR,TELANGANA,18.3267210,79.0880440,5c2f62fe-5afa-4119-a499-fec9d604d5bd,5c2f62fe-5afa-4119-a499-fec9d604d5bd
Telangana Circle,Hyderabad Region,Karimnagar Division,Tallapalli B.O,505530,BO,Delivery,RAJANNA SIRCILLA,TELANGANA,18.1243470,78.9650270,5c2f62fe-5afa-4119-a499-fec9d604d5bd,5c2f62fe-5afa-4119-a499-fec9d604d5bd
Telangana Circle,Hyderabad Region,Mahabubnagar Division,Nagal Kadmoor B.O,509130,BO,Delivery,WANAPARTHY,TELANGANA,16.3752813,77.7747811,5c2f62fe-5afa-4119-a499-fec9d604d5bd,5c2f62fe-5afa-4119-a499-fec9d604d5bd
Telangana Circle,Hyderabad Region,Mahabubnagar Division,Irladinne B.O,509130,BO,Delivery,WANAPARTHY,TELANGANA,16.3753043,77.7747922,5c2f62fe-5afa-4119-a499-fec9d604d5bd,5c2f62fe-5afa-4119-a499-fec9d604d5bd
Telangana Circle,Hyderabad Region,Mahabubnagar Division,Mittadoddi B.O,509127,BO,Delivery,JOGULAMBA GADWAL,TELANGANA,16.0176398,77.6714337,5c2f62fe-5afa-4119-a499-fec9d604d5bd,5c2f62fe-5afa-4119-a499-fec9d604d5bd
Telangana Circle,Hyderabad City Region,Sangareddy Division,Gopanpally B.O,502221,BO,Delivery,SANGAREDDY,TELANGANA,17.675455490817892,77.51495291758768,5c2f62fe-5afa-4119-a499-fec9d604d5bd,5c2f62fe-5afa-4119-a499-fec9d604d5bd
Telangana Circle,Hyderabad Region,Mahabubnagar Division,Rekulampalli B.O,509219,BO,Delivery,MAHABUBNAGAR,TELANGANA,16.4989232,77.8770759,5c2f62fe-5afa-4119-a499-fec9d604d5bd,5c2f62fe-5afa-4119-a499-fec9d604d5bd
Telangana Circle,Hyderabad Region,Mahabubnagar Division,Alwalpad B.O,509133,BO,Delivery,JOGULAMBA GADWAL,TELANGANA,16.2423266,77.6194372,5c2f62fe-5afa-4119-a499-fec9d604d5bd,5c2f62fe-5afa-4119-a499-fec9d604d5bd
Telangana Circle,Hyderabad Region,Mahabubnagar Division,Beechpally B.O,509133,BO,Delivery,JOGULAMBA GADWAL,TELANGANA,16.1612077,77.9296164,5c2f62fe-5afa-4119-a499-fec9d604d5bd,5c2f62fe-5afa-4119-a499-fec9d604d5bd
Telangana Circle,Hyderabad Region,Mahabubnagar Division,Thimmapur B.O,509133,BO,Delivery,JOGULAMBA GADWAL,TELANGANA,16.1735577,77.9089354,5c2f62fe-5afa-4119-a499-fec9d604d5bd,5c2f62fe-5afa-4119-a499-fec9d604d5bd
Telangana Circle,Hyderabad Region,Mahabubnagar Division,Tottinon Doddi B.O,509129,BO,Delivery,JOGULAMBA GADWAL,TELANGANA,15.9841544,77.5459010,5c2f62fe-5afa-4119-a499-fec9d604d5bd,5c2f62fe-5afa-4119-a499-fec9d604d5bd
Telangana Circle,Hyderabad Region,Mahabubnagar Division,Erikichedu B.O,509129,BO,Delivery,JOGULAMBA GADWAL,TELANGANA,16.0889349,77.5472846,5c2f62fe-5afa-4119-a499-fec9d604d5bd,5c2f62fe-5afa-4119-a499-fec9d604d5bd
Telangana Circle,Hyderabad Region,Mahabubnagar Division,Peddamamidala Padu B.O,509128,BO,Delivery,JOGULAMBA GADWAL,TELANGANA,15.9947800,77.9217000,5c2f62fe-5afa-4119-a499-fec9d604d5bd,5c2f62fe-5afa-4119-a499-fec9d604d5bd
Telangana Circle,Hyderabad Region,Mahabubnagar Division,Dharmavaram B.O,509128,BO,Delivery,JOGULAMBA GADWAL,TELANGANA,16.0575904,77.9399690,5c2f62fe-5afa-4119-a499-fec9d604d5bd,5c2f62fe-5afa-4119-a499-fec9d604d5bd
Telangana Circle,Hyderabad Region,Mahabubnagar Division,Pallepad B.O,509128,BO,Delivery,JOGULAMBA GADWAL,TELANGANA,15.9669924,77.9413530,5c2f62fe-5afa-4119-a499-fec9d604d5bd,5c2f62fe-5afa-4119-a499-fec9d604d5bd
Telangana Circle,Hyderabad Region,Mahabubnagar Division,Vallur B.O,509128,BO,Delivery,JOGULAMBA GADWAL,TELANGANA,16.0146453,77.8996830,5c2f62fe-5afa-4119-a499-fec9d604d5bd,5c2f62fe-5afa-4119-a499-fec9d604d5bd
Telangana Circle,Hyderabad Region,Mahabubnagar Division,Paipadu B.O,509126,BO,Delivery,JOGULAMBA GADWAL,TELANGANA,15.9446413,77.8634103,5c2f62fe-5afa-4119-a499-fec9d604d5bd,5c2f62fe-5afa-4119-a499-fec9d604d5bd
Telangana Circle,Hyderabad Region,Mahabubnagar Division,Peddatandrapad B.O,509126,BO,Delivery,JOGULAMBA GADWAL,TELANGANA,15.8909545,77.7741349,5c2f62fe-5afa-4119-a499-fec9d604d5bd,5c2f62fe-5afa-4119-a499-fec9d604d5bd
Telangana Circle,Hyderabad Region,Mahabubnagar Division,Marmungal B.O,509153,BO,Delivery,JOGULAMBA GADWAL,TELANGANA,15.9421059,78.0395629,5c2f62fe-5afa-4119-a499-fec9d604d5bd,5c2f62fe-5afa-4119-a499-fec9d604d5bd
Telangana Circle,Hyderabad Region,Mahabubnagar Division,Pullur B.O,509153,BO,Delivery,JOGULAMBA GADWAL,TELANGANA,15.8744510,78.0089239,5c2f62fe-5afa-4119-a499-fec9d604d5bd,5c2f62fe-5afa-4119-a499-fec9d604d5bd
Telangana Circle,Hyderabad Region,Mahabubnagar Division,Yapadinne B.O,509135,BO,Delivery,JOGULAMBA GADWAL,TELANGANA,15.9819516,77.7435550,5c2f62fe-5afa-4119-a499-fec9d604d5bd,5c2f62fe-5afa-4119-a499-fec9d604d5bd
Telangana Circle,Hyderabad Region,Mahabubnagar Division,Kandur B.O,509382,BO,Delivery,MAHABUBNAGAR,TELANGANA,16.7009527,78.0517530,5c2f62fe-5afa-4119-a499-fec9d604d5bd,5c2f62fe-5afa-4119-a499-fec9d604d5bd
Telangana Circle,Hyderabad Region,Mahabubnagar Division,Polkampally B.O,509382,BO,Delivery,MAHABUBNAGAR,TELANGANA,16.7541407,78.0433791,5c2f62fe-5afa-4119-a499-fec9d604d5bd,5c2f62fe-5afa-4119-a499-fec9d604d5bd
Telangana Circle,Hyderabad Region,Mahabubnagar Division,Gajulapet B.O,509382,BO,Delivery,MAHABUBNAGAR,TELANGANA,16.7009548,78.0517140,5c2f62fe-5afa-4119-a499-fec9d604d5bd,5c2f62fe-5afa-4119-a499-fec9d604d5bd
Telangana Circle,Hyderabad Region,Mahabubnagar Division,Bommanpad B.O,509407,BO,Delivery,Narayanpet,TELANGANA,16.7638286,77.5943745,5c2f62fe-5afa-4119-a499-fec9d604d5bd,5c2f62fe-5afa-4119-a499-fec9d604d5bd
Telangana Circle,Hyderabad Region,Mahabubnagar Division,Gudimunkan Pally B.O,509407,BO,Delivery,Narayanpet,TELANGANA,16.8678650,77.4877986,5c2f62fe-5afa-4119-a499-fec9d604d5bd,5c2f62fe-5afa-4119-a499-fec9d604d5bd
Telangana Circle,Hyderabad Region,Mahabubnagar Division,Wathugundla B.O,509407,BO,Delivery,Narayanpet,TELANGANA,16.8128498,77.5595020,5c2f62fe-5afa-4119-a499-fec9d604d5bd,5c2f62fe-5afa-4119-a499-fec9d604d5bd
Telangana Circle,Hyderabad Region,Mahabubnagar Division,Dokur B.O,509204,BO,Delivery,MAHABUBNAGAR,TELANGANA,16.5311546,77.9425569,5c2f62fe-5afa-4119-a499-fec9d604d5bd,5c2f62fe-5afa-4119-a499-fec9d604d5bd
Telangana Circle,Hyderabad Region,Mahabubnagar Division,Manikonda B.O,509204,BO,Delivery,MAHABUBNAGAR,TELANGANA,16.7050722,77.9531762,5c2f62fe-5afa-4119-a499-fec9d604d5bd,5c2f62fe-5afa-4119-a499-fec9d604d5bd
Telangana Circle,Hyderabad Region,Mahabubnagar Division,Kistapur B.O,509204,BO,Delivery,Narayanpet,TELANGANA,16.6122090,77.8123940,5c2f62fe-5afa-4119-a499-fec9d604d5bd,5c2f62fe-5afa-4119-a499-fec9d604d5bd
Telangana Circle,Hyderabad Region,Mahabubnagar Division,Tankara B.O,509334,BO,Delivery,MAHABUBNAGAR,TELANGANA,16.8157485,77.9518893,5c2f62fe-5afa-4119-a499-fec9d604d5bd,5c2f62fe-5afa-4119-a499-fec9d604d5bd
Telangana Circle,Hyderabad Region,Mahabubnagar Division,Hakeempet B.O,509350,BO,Delivery,Narayanpet,TELANGANA,17.0377518,77.7460707,5c2f62fe-5afa-4119-a499-fec9d604d5bd,5c2f62fe-5afa-4119-a499-fec9d604d5bd
Telangana Circle,Hyderabad Region,Mahabubnagar Division,Lakcherla B.O,509350,BO,Delivery,VIKARABAD,TELANGANA,17.0584593,77.7217301,5c2f62fe-5afa-4119-a499-fec9d604d5bd,5c2f62fe-5afa-4119-a499-fec9d604d5bd
Telangana Circle,Hyderabad Region,Mahabubnagar Division,Boyapally B.O,509002,BO,Delivery,MAHABUBNAGAR,TELANGANA,16.7818434,77.9900402,5c2f62fe-5afa-4119-a499-fec9d604d5bd,5c2f62fe-5afa-4119-a499-fec9d604d5bd
Telangana Circle,Hyderabad Region,Mahabubnagar Division,Kothapet B.O,509002,BO,Delivery,MAHABUBNAGAR,TELANGANA,16.7969438,77.9612435,5c2f62fe-5afa-4119-a499-fec9d604d5bd,5c2f62fe-5afa-4119-a499-fec9d604d5bd
Telangana Circle,Hyderabad Region,Mahabubnagar Division,Kachwar B.O,509353,BO,Delivery,Narayanpet,TELANGANA,16.5300555,77.5614652,5c2f62fe-5afa-4119-a499-fec9d604d5bd,5c2f62fe-5afa-4119-a499-fec9d604d5bd
Telangana Circle,Hyderabad Region,Mahabubnagar Division,Manthan Gode B.O,509353,BO,Delivery,Narayanpet,TELANGANA,16.5092612,77.6003029,5c2f62fe-5afa-4119-a499-fec9d604d5bd,5c2f62fe-5afa-4119-a499-fec9d604d5bd
Telangana Circle,Hyderabad Region,Mahabubnagar Division,Parsapur B.O,509338,BO,Delivery,VIKARABAD,TELANGANA,17.0724750,77.6469666,5c2f62fe-5afa-4119-a499-fec9d604d5bd,5c2f62fe-5afa-4119-a499-fec9d604d5bd
Telangana Circle,Hyderabad Region,Mahabubnagar Division,Chandraspalli B.O,509371,BO,Delivery,MAHABUBNAGAR,TELANGANA,16.8113904,77.7981979,5c2f62fe-5afa-4119-a499-fec9d604d5bd,5c2f62fe-5afa-4119-a499-fec9d604d5bd
Telangana Circle,Hyderabad Region,Mahabubnagar Division,Malkapuram B.O,509371,BO,Delivery,MAHABUBNAGAR,TELANGANA,16.7544632,77.8447225,5c2f62fe-5afa-4119-a499-fec9d604d5bd,5c2f62fe-5afa-4119-a499-fec9d604d5bd
Telangana Circle,Hyderabad Region,Mahabubnagar Division,Pagidial B.O,509371,BO,Delivery,MAHABUBNAGAR,TELANGANA,16.8707373,77.7466582,5c2f62fe-5afa-4119-a499-fec9d604d5bd,5c2f62fe-5afa-4119-a499-fec9d604d5bd
Telangana Circle,Hyderabad Region,Mahabubnagar Division,Suraram B.O,509371,BO,Delivery,MAHABUBNAGAR,TELANGANA,16.8135370,77.7455685,5c2f62fe-5afa-4119-a499-fec9d604d5bd,5c2f62fe-5afa-4119-a499-fec9d604d5bd
Telangana Circle,Hyderabad Region,Mahabubnagar Division,Vinjamur B.O,509371,BO,Delivery,MAHABUBNAGAR,TELANGANA,16.7683132,77.7069077,5c2f62fe-5afa-4119-a499-fec9d604d5bd,5c2f62fe-5afa-4119-a499-fec9d604d5bd
Telangana Circle,Hyderabad Region,Mahabubnagar Division,Rampur B.O,509371,BO,Delivery,MAHABUBNAGAR,TELANGANA,16.7690470,77.8421052,5c2f62fe-5afa-4119-a499-fec9d604d5bd,5c2f62fe-5afa-4119-a499-fec9d604d5bd
Telangana Circle,Hyderabad Region,Mahabubnagar Division,Chandravancha B.O,509339,BO,Delivery,Narayanpet,TELANGANA,17.0118179,77.6754289,5c2f62fe-5afa-4119-a499-fec9d604d5bd,5c2f62fe-5afa-4119-a499-fec9d604d5bd
Telangana Circle,Hyderabad Region,Mahabubnagar Division,Vennached B.O,509339,BO,Delivery,MAHABUBNAGAR,TELANGANA,16.9609661,77.7694021,5c2f62fe-5afa-4119-a499-fec9d604d5bd,5c2f62fe-5afa-4119-a499-fec9d604d5bd
Telangana Circle,Hyderabad Region,Mahabubnagar Division,Tangadgi B.O,509352,BO,Delivery,Narayanpet,TELANGANA,16.4294190,77.2999227,5c2f62fe-5afa-4119-a499-fec9d604d5bd,5c2f62fe-5afa-4119-a499-fec9d604d5bd
